{
    "loss": 18.62253761291504,
    "accuracy": 0.30733945965766907
}