{
    "loss": 2.140146017074585,
    "accuracy": 0.7385321259498596
}